drop table Atleta;
drop table atletahastreino;
drop table clube;
drop table evento;
drop table exercicio;
drop table federacao;
drop table instanciaexercicio;
drop table listaatletas;
drop table mensagem;
drop table mensalidadeatletas;
drop table mensalidadeclubes;
drop table newsletter;
drop table provas;
drop table tecnico;
drop table tipoevento;
drop table tipoexercicio;
drop table tipoprova;
drop table treino;
drop table trocaatleta;
drop table usuario;

CREATE TABLE Atleta (
  Usuario_ID_User INTEGER UNSIGNED NOT NULL,
  ID_CLUBE INTEGER UNSIGNED NULL,
  ID_TECNICO INTEGER UNSIGNED NULL,
  NOME_ATLETA VARCHAR(45) NULL,
  SOBRENOME_ATLETA VARCHAR(45) NULL,
  RG_ATLETA VARCHAR(45) NULL,
  CPF_ATLETA VARCHAR(45) NULL,
  DATA_NASCIMENTO_ATLETA DATE NULL,
  MENSALIDADE_ATLETA FLOAT NULL,
  PRIMARY KEY(Usuario_ID_User),
  INDEX Atleta_FKIndex1(Usuario_ID_User)
);

INSERT INTO ATLETA VALUES (21,7,0,'Fernando','Salhani','114735748','64556384095','1994-05-15',100);
INSERT INTO ATLETA VALUES (22,9,0,'Giovanni','Schimidt','342973149','69860173087','1994-10-18',100);
INSERT INTO ATLETA VALUES (23,8,0,'Yuri','Alves','116155152','80903409038','1989-10-21',100);
INSERT INTO ATLETA VALUES (24,8,0,'Karina','Tanikawa','238354271','18844691086','1978-12-01',100);
INSERT INTO ATLETA VALUES (25,7,0,'Henrique','Uehara','226583569','97871280058','1989-05-21',100);
INSERT INTO ATLETA VALUES (26,8,11,'Lucas','Kawamura','182755939','966454073','1991-10-24',100);
INSERT INTO ATLETA VALUES (27,9,12,'Erich','Sato','106402067','23767903016','1979-06-25',100);
INSERT INTO ATLETA VALUES (28,9,13,'Christopher','Costa','401538126','21851982035','1985-10-18',100);
INSERT INTO ATLETA VALUES (29,6,14,'Daniel','Vaz','115758756','14023914045','1980-01-04',100);
INSERT INTO ATLETA VALUES (30,8,15,'Andre','Camoes','171065803','14364245003','1975-07-02',100);
INSERT INTO ATLETA VALUES (31,6,16,'Luiz','Picolli','382844476','63037850000','1985-08-07',100);
INSERT INTO ATLETA VALUES (32,9,17,'Rafael','Palmerio','125407415','70450066088','1993-04-26',100);
INSERT INTO ATLETA VALUES (33,8,18,'Rodrigo','Narita','382844488','58613802010','1984-11-28',100);
INSERT INTO ATLETA VALUES (34,7,19,'Carolina','Abiricha','387456727','62372968084','1990-07-25',100);
INSERT INTO ATLETA VALUES (35,5,20,'Eduardo','Kavai','238801639','46320702036','1990-08-30',100);
INSERT INTO ATLETA VALUES (36,6,0,'Ricardo','Prezotto','106715823','82620314070','1977-03-19',100);
INSERT INTO ATLETA VALUES (37,6,0,'Karina','Bernice','403855627','42741109079','1991-04-01',100);
INSERT INTO ATLETA VALUES (38,8,0,'Luiz','Picolli','387098811','18714015005','1983-03-02',100);
INSERT INTO ATLETA VALUES (39,10,0,'Matheus','Berloffa','341496819','11310282013','1990-05-01',100);
INSERT INTO ATLETA VALUES (40,5,0,'Daniel','Verde','339453941','41270033085','1983-12-29',100);


CREATE TABLE AtletaHasTreino (
  Treino_ID_TREINO INTEGER UNSIGNED NOT NULL,
  Atleta_Usuario_ID_User INTEGER UNSIGNED NOT NULL,
  INDEX AtletaHasTreino_FKIndex1(Atleta_Usuario_ID_User),
  INDEX AtletaHasTreino_FKIndex2(Treino_ID_TREINO)
);

INSERT INTO ATLETAHASTREINO VALUES (1,30);
INSERT INTO ATLETAHASTREINO VALUES (2,30);
INSERT INTO ATLETAHASTREINO VALUES (3,27);
INSERT INTO ATLETAHASTREINO VALUES (4,31);
INSERT INTO ATLETAHASTREINO VALUES (5,36);
INSERT INTO ATLETAHASTREINO VALUES (6,28);
INSERT INTO ATLETAHASTREINO VALUES (7,22);
INSERT INTO ATLETAHASTREINO VALUES (8,32);
INSERT INTO ATLETAHASTREINO VALUES (9,33);
INSERT INTO ATLETAHASTREINO VALUES (10,35);
INSERT INTO ATLETAHASTREINO VALUES (11,39);
INSERT INTO ATLETAHASTREINO VALUES (12,31);
INSERT INTO ATLETAHASTREINO VALUES (13,31);
INSERT INTO ATLETAHASTREINO VALUES (14,29);
INSERT INTO ATLETAHASTREINO VALUES (15,36);
INSERT INTO ATLETAHASTREINO VALUES (16,39);
INSERT INTO ATLETAHASTREINO VALUES (17,26);
INSERT INTO ATLETAHASTREINO VALUES (18,39);
INSERT INTO ATLETAHASTREINO VALUES (19,22);
INSERT INTO ATLETAHASTREINO VALUES (20,34);
INSERT INTO ATLETAHASTREINO VALUES (1,27);
INSERT INTO ATLETAHASTREINO VALUES (2,27);
INSERT INTO ATLETAHASTREINO VALUES (3,25);
INSERT INTO ATLETAHASTREINO VALUES (4,26);
INSERT INTO ATLETAHASTREINO VALUES (5,35);
INSERT INTO ATLETAHASTREINO VALUES (6,37);
INSERT INTO ATLETAHASTREINO VALUES (7,27);
INSERT INTO ATLETAHASTREINO VALUES (8,36);
INSERT INTO ATLETAHASTREINO VALUES (9,39);
INSERT INTO ATLETAHASTREINO VALUES (10,33);
INSERT INTO ATLETAHASTREINO VALUES (11,33);
INSERT INTO ATLETAHASTREINO VALUES (12,38);
INSERT INTO ATLETAHASTREINO VALUES (13,28);
INSERT INTO ATLETAHASTREINO VALUES (14,26);
INSERT INTO ATLETAHASTREINO VALUES (15,21);
INSERT INTO ATLETAHASTREINO VALUES (16,22);
INSERT INTO ATLETAHASTREINO VALUES (17,36);
INSERT INTO ATLETAHASTREINO VALUES (18,37);
INSERT INTO ATLETAHASTREINO VALUES (19,30);

CREATE TABLE Clube (
  Usuario_ID_User INTEGER UNSIGNED NOT NULL,
  ID_FEDERACAO INTEGER UNSIGNED NULL,
  NOME_CLUBE VARCHAR(45) NULL,
  ENDERECO_CLUBE VARCHAR(255) NULL,
  IMG_URL_CLUBE VARCHAR(255) NULL,
  SITE_CLUBE VARCHAR(255) NULL,
  MENSALIDADE_CLUBE FLOAT NULL,
  PRIMARY KEY(Usuario_ID_User),
  INDEX Clube_FKIndex1(Usuario_ID_User)
);

INSERT INTO CLUBE VALUES (5,2,'Grêmio Náutico União','Armazém C3 Doca 2 - Avenida Mauá, 1050 - Centro Histórico, Porto Alegre - RS, 90440-002','http://www.qqxxzx.com/image-html.php?pic=/images/random-image/random-image-5.png','gnu.com.br/',100);
INSERT INTO CLUBE VALUES (6,3,'Clube Náutico Francisco M','O C','http://scontent.cdninstagram.com/t51.2885-19/s150x150/12905247_1034159593313794_1402007485_a.jpg','www.remomartinelli.com.br/',100);
INSERT INTO CLUBE VALUES (7,4,'Clube de Regatas Aldo Luz','Parque Náutico Walter Lange, Florianópolis - SC, 88010-','http://aldoluz.com.br/wp-content/uploads/2016/02/aldo-luz-logo.png','aldoluz.com.br/',100);
INSERT INTO CLUBE VALUES (8,2,'Esporte Clube Pinheiros','R. Tucumã, 142 - Jardim Europa, São Paulo - SP, 01455-010','https://upload.wikimedia.org/wikipedia/commons/thumb/a/ae/Esporte_Clube_Pinheiros.svg/2000px-Esporte_Clube_Pinheiros.svg.png','www.ecp.org.br',100);
INSERT INTO CLUBE VALUES (9,3,'Atlética Poli Usp','Av. Prof. Almeida Prado, 128 - Butantã, São Paulo - SP, 05508-070','http://aldoluz.com.br/wp-content/uploads/2016/02/aldo-luz-logo.png','aldoluz.com.br/',100);
INSERT INTO CLUBE VALUES (10,4,'Clube de Regatas do Flamengo','Av. Borges de Medeiros, 997 - Lagoa, Rio de Janeiro - RJ, 22430-041','http://aldoluz.com.br/wp-content/uploads/2016/02/aldo-luz-logo.png','aldoluz.com.br/',100);

CREATE TABLE Evento (
  ID_EVENTO INTEGER UNSIGNED NOT NULL AUTO_INCREMENT,
  Federacao_Usuario_ID_User INTEGER UNSIGNED NOT NULL,
  TipoEvento_ID_TIPO_EVENTO INTEGER UNSIGNED NOT NULL,
  NOME_DO_EVENTO VARCHAR(45) NULL,
  LOCALIZACAO VARCHAR(45) NULL,
  DATA_INICIO DATE NULL,
  DATA_TERMINO DATE NULL,
  PRECO_INSCRICAO FLOAT NULL,
  FLAG_INSCRICAO BOOL NULL,
  PRIMARY KEY(ID_EVENTO),
  INDEX Evento_FKIndex1(TipoEvento_ID_TIPO_EVENTO),
  INDEX Evento_FKIndex2(Federacao_Usuario_ID_User)
);

INSERT INTO EVENTO (NOME_DO_EVENTO, TipoEvento_ID_TIPO_EVENTO, Federacao_Usuario_ID_User, LOCALIZACAO, DATA_INICIO, DATA_TERMINO, PRECO_INSCRICAO, FLAG_INSCRICAO) VALUES ('1ª Etapa Paulista',1,3,'Raia da USP','2016-04-19','2016-04-19', 100, 1);
INSERT INTO EVENTO (NOME_DO_EVENTO, TipoEvento_ID_TIPO_EVENTO, Federacao_Usuario_ID_User, LOCALIZACAO, DATA_INICIO, DATA_TERMINO, PRECO_INSCRICAO, FLAG_INSCRICAO) VALUES ('1ª Etapa Taça São Paulo',2,3,'Raia da USP','2016-04-19','2016-04-19',  100, 1);
INSERT INTO EVENTO (NOME_DO_EVENTO, TipoEvento_ID_TIPO_EVENTO, Federacao_Usuario_ID_User, LOCALIZACAO, DATA_INICIO, DATA_TERMINO, PRECO_INSCRICAO, FLAG_INSCRICAO) VALUES ('Troféu Bandeirante 2016',3,3,'Raia da USP','2016-04-19','2016-04-19',75, 1);
INSERT INTO EVENTO (NOME_DO_EVENTO, TipoEvento_ID_TIPO_EVENTO, Federacao_Usuario_ID_User, LOCALIZACAO, DATA_INICIO, DATA_TERMINO, PRECO_INSCRICAO, FLAG_INSCRICAO) VALUES ('Taça Arlindo Donato 2016',4,1,'Raia da USP','2016-04-19','2016-04-19', 100, 0);
INSERT INTO EVENTO (NOME_DO_EVENTO, TipoEvento_ID_TIPO_EVENTO, Federacao_Usuario_ID_User, LOCALIZACAO, DATA_INICIO, DATA_TERMINO, PRECO_INSCRICAO, FLAG_INSCRICAO) VALUES ('2ª Etapa Paulista',1,3,'Raia da USP','2016-04-19','2016-04-19', 50, 0);
INSERT INTO EVENTO (NOME_DO_EVENTO, TipoEvento_ID_TIPO_EVENTO, Federacao_Usuario_ID_User, LOCALIZACAO, DATA_INICIO, DATA_TERMINO, PRECO_INSCRICAO, FLAG_INSCRICAO) VALUES ('2ª Etapa Taça São Paulo',2,3,'Raia da USP','2016-04-19','02016-04-19', 100, 1);

CREATE TABLE Exercicio (
  ID_EXERCICIO INTEGER UNSIGNED NOT NULL AUTO_INCREMENT,
  Treino_ID_TREINO INTEGER UNSIGNED NOT NULL,
  TipoExercicio_ID_TIPO_EXERCICIO INTEGER UNSIGNED NOT NULL,
  N_SERIES INTEGER UNSIGNED NULL,
  REPETICOES INTEGER UNSIGNED NULL,
  CARGA_OU_TEMPO VARCHAR(45) NULL,
  PRIMARY KEY(ID_EXERCICIO),
  INDEX Exercicio_FKIndex1(TipoExercicio_ID_TIPO_EXERCICIO),
  INDEX Exercicio_FKIndex2(Treino_ID_TREINO)
);

INSERT INTO EXERCICIO VALUES (52,1,14,4,9,'carga');
INSERT INTO EXERCICIO VALUES (53,1,14,3,12,'carga');
INSERT INTO EXERCICIO VALUES (61,1,15,4,8,'carga');
INSERT INTO EXERCICIO VALUES (82,1,22,1,13,'carga');
INSERT INTO EXERCICIO VALUES (90,1,24,1,13,'carga');
INSERT INTO EXERCICIO VALUES (1,2,1,3,10,'carga');
INSERT INTO EXERCICIO VALUES (22,2,7,4,11,'carga');
INSERT INTO EXERCICIO VALUES (39,2,11,5,10,'carga');
INSERT INTO EXERCICIO VALUES (54,2,14,1,11,'carga');
INSERT INTO EXERCICIO VALUES (67,2,17,1,11,'carga');
INSERT INTO EXERCICIO VALUES (86,2,23,1,9,'carga');
INSERT INTO EXERCICIO VALUES (36,3,10,1,14,'carga');
INSERT INTO EXERCICIO VALUES (46,3,13,2,9,'carga');
INSERT INTO EXERCICIO VALUES (78,3,21,2,13,'carga');
INSERT INTO EXERCICIO VALUES (2,4,1,5,11,'carga');
INSERT INTO EXERCICIO VALUES (18,4,5,2,9,'carga');
INSERT INTO EXERCICIO VALUES (23,4,7,5,14,'carga');
INSERT INTO EXERCICIO VALUES (71,4,18,5,8,'carga');
INSERT INTO EXERCICIO VALUES (30,5,8,4,10,'carga');
INSERT INTO EXERCICIO VALUES (74,5,20,5,8,'carga');
INSERT INTO EXERCICIO VALUES (79,5,21,3,14,'tempo');
INSERT INTO EXERCICIO VALUES (3,6,1,1,8,'tempo');
INSERT INTO EXERCICIO VALUES (24,6,7,1,13,'tempo');
INSERT INTO EXERCICIO VALUES (41,6,12,4,13,'tempo');
INSERT INTO EXERCICIO VALUES (47,6,13,5,14,'tempo');
INSERT INTO EXERCICIO VALUES (64,6,16,3,11,'tempo');
INSERT INTO EXERCICIO VALUES (75,6,20,5,11,'tempo');
INSERT INTO EXERCICIO VALUES (80,6,21,1,13,'tempo');
INSERT INTO EXERCICIO VALUES (87,6,23,1,9,'tempo');
INSERT INTO EXERCICIO VALUES (94,6,25,2,12,'tempo');
INSERT INTO EXERCICIO VALUES (4,7,1,3,10,'tempo');
INSERT INTO EXERCICIO VALUES (25,7,7,4,10,'tempo');
INSERT INTO EXERCICIO VALUES (42,7,12,4,13,'tempo');
INSERT INTO EXERCICIO VALUES (19,8,6,5,9,'tempo');
INSERT INTO EXERCICIO VALUES (48,8,13,3,12,'tempo');
INSERT INTO EXERCICIO VALUES (55,8,14,5,14,'tempo');
INSERT INTO EXERCICIO VALUES (76,8,20,4,10,'tempo');
INSERT INTO EXERCICIO VALUES (95,8,25,5,12,'tempo');
INSERT INTO EXERCICIO VALUES (26,9,7,4,10,'tempo');
INSERT INTO EXERCICIO VALUES (65,9,16,1,11,'tempo');
INSERT INTO EXERCICIO VALUES (91,9,24,1,13,'tempo');
INSERT INTO EXERCICIO VALUES (92,9,24,1,14,'tempo');
INSERT INTO EXERCICIO VALUES (7,10,2,3,11,'tempo');
INSERT INTO EXERCICIO VALUES (43,10,12,1,13,'tempo');
INSERT INTO EXERCICIO VALUES (56,10,14,1,11,'tempo');
INSERT INTO EXERCICIO VALUES (57,10,14,3,14,'tempo');
INSERT INTO EXERCICIO VALUES (83,10,22,3,9,'tempo');
INSERT INTO EXERCICIO VALUES (96,10,25,5,8,'tempo');
INSERT INTO EXERCICIO VALUES (97,10,25,3,9,'tempo');
INSERT INTO EXERCICIO VALUES (72,11,18,3,9,'tempo');
INSERT INTO EXERCICIO VALUES (98,11,25,5,8,'tempo');
INSERT INTO EXERCICIO VALUES (13,12,3,3,13,'tempo');
INSERT INTO EXERCICIO VALUES (31,12,8,2,11,'tempo');
INSERT INTO EXERCICIO VALUES (32,12,9,2,8,'tempo');
INSERT INTO EXERCICIO VALUES (88,12,23,3,9,'tempo');
INSERT INTO EXERCICIO VALUES (58,13,14,5,11,'tempo');
INSERT INTO EXERCICIO VALUES (59,13,14,1,10,'tempo');
INSERT INTO EXERCICIO VALUES (68,13,17,2,12,'tempo');
INSERT INTO EXERCICIO VALUES (84,13,22,3,8,'tempo');
INSERT INTO EXERCICIO VALUES (8,14,2,3,11,'tempo');
INSERT INTO EXERCICIO VALUES (44,14,12,5,9,'tempo');
INSERT INTO EXERCICIO VALUES (49,14,13,2,11,'tempo');
INSERT INTO EXERCICIO VALUES (93,14,24,2,8,'tempo');
INSERT INTO EXERCICIO VALUES (9,15,2,3,8,'tempo');
INSERT INTO EXERCICIO VALUES (27,15,7,3,8,'tempo');
INSERT INTO EXERCICIO VALUES (33,15,9,3,9,'tempo');
INSERT INTO EXERCICIO VALUES (34,15,9,3,14,'tempo');
INSERT INTO EXERCICIO VALUES (73,15,18,2,14,'tempo');
INSERT INTO EXERCICIO VALUES (77,15,20,5,14,'tempo');
INSERT INTO EXERCICIO VALUES (85,15,22,5,13,'tempo');
INSERT INTO EXERCICIO VALUES (10,16,2,3,8,'tempo');
INSERT INTO EXERCICIO VALUES (17,16,4,3,12,'tempo');
INSERT INTO EXERCICIO VALUES (20,16,6,1,11,'tempo');
INSERT INTO EXERCICIO VALUES (37,16,10,5,13,'tempo');
INSERT INTO EXERCICIO VALUES (45,16,12,2,12,'tempo');
INSERT INTO EXERCICIO VALUES (60,16,14,3,11,'tempo');
INSERT INTO EXERCICIO VALUES (81,16,21,1,10,'tempo');
INSERT INTO EXERCICIO VALUES (28,17,7,2,11,'tempo');
INSERT INTO EXERCICIO VALUES (29,17,7,1,14,'tempo');
INSERT INTO EXERCICIO VALUES (35,17,9,3,13,'tempo');
INSERT INTO EXERCICIO VALUES (40,17,11,1,11,'tempo');
INSERT INTO EXERCICIO VALUES (62,17,15,3,12,'tempo');
INSERT INTO EXERCICIO VALUES (69,17,17,5,11,'tempo');
INSERT INTO EXERCICIO VALUES (89,17,23,5,9,'tempo');
INSERT INTO EXERCICIO VALUES (99,17,25,3,11,'tempo');
INSERT INTO EXERCICIO VALUES (100,17,25,1,11,'tempo');
INSERT INTO EXERCICIO VALUES (11,18,2,2,13,'tempo');
INSERT INTO EXERCICIO VALUES (14,18,3,5,13,'tempo');
INSERT INTO EXERCICIO VALUES (15,18,3,1,8,'tempo');
INSERT INTO EXERCICIO VALUES (21,18,6,5,8,'tempo');
INSERT INTO EXERCICIO VALUES (50,18,13,1,9,'tempo');
INSERT INTO EXERCICIO VALUES (63,18,15,5,10,'tempo');
INSERT INTO EXERCICIO VALUES (5,19,1,4,14,'tempo');
INSERT INTO EXERCICIO VALUES (12,19,2,5,8,'tempo');
INSERT INTO EXERCICIO VALUES (70,19,17,1,8,'tempo');
INSERT INTO EXERCICIO VALUES (6,20,1,5,13,'tempo');
INSERT INTO EXERCICIO VALUES (16,20,3,1,9,'tempo');
INSERT INTO EXERCICIO VALUES (38,20,10,4,8,'tempo');
INSERT INTO EXERCICIO VALUES (51,20,13,2,13,'tempo');
INSERT INTO EXERCICIO VALUES (66,20,16,2,11,'tempo');

CREATE TABLE Federacao (
  Usuario_ID_User INTEGER UNSIGNED NOT NULL,
  NOME_FEDERACAO VARCHAR(45) NULL,
  ENDERECO_FEDERACAO VARCHAR(255) NULL,
  SITE_FEDERACAO VARCHAR(255) NULL,
  IMG_URL_FEDERACAO VARCHAR(255) NULL,
  PRIMARY KEY(Usuario_ID_User),
  INDEX Federacao_FKIndex1(Usuario_ID_User)
);

INSERT INTO FEDERACAO VALUES (2,'Confederação Brasileira de Remo','Lagoon - Av. Borges de Medeiros, 1424 - Lagoa, Rio de Janeiro - RJ, 22470-003','www.remobrasil.com/','http://frerj.com.br/wp-contents/uploads/2013/09/Federa%C3%A7%C3%A3o-Brasileira-de-Remo-lg.jpg');
INSERT INTO FEDERACAO VALUES (3,'Federação de Remo do Estado do Rio de Janeiro','Av. Graça Aranha, 145 - Centro, Rio de Janeiro - RJ, 20030-003','frerj.com.br/','http://frerj.com.br/wp-contents/uploads/2016/08/LogoRemo-clear-100.png');
INSERT INTO FEDERACAO VALUES (4,'Raia Olímpica de Remo','Av. Professor Mello Moraes, 1382 - Butantã, São Paulo - SP, 05508-030','www.raiaolimpicaderemo.com.br/','http://www.seadesp.org.br/wp-content/uploads/2014/01/fpremo.png');

CREATE TABLE InstanciaExercicio (
  Exercicio_ID_EXERCICIO INTEGER UNSIGNED NOT NULL,
  Atleta_ID_User INTEGER UNSIGNED NOT NULL,
  DATA_REALIZADO DATE NULL,
  VALOR INTEGER UNSIGNED NULL,
  INDEX InstanciaExercicio_FKIndex1(Exercicio_ID_EXERCICIO)
);

INSERT INTO INSTANCIAEXERCICIO VALUES (52,30,'2016-10-18',100);
INSERT INTO INSTANCIAEXERCICIO VALUES (53,30,'2016-10-18',100);
INSERT INTO INSTANCIAEXERCICIO VALUES (61,30,'2016-10-18',100);
INSERT INTO INSTANCIAEXERCICIO VALUES (82,30,'2016-10-18',10);
INSERT INTO INSTANCIAEXERCICIO VALUES (90,30,'2016-10-18',20);
INSERT INTO INSTANCIAEXERCICIO VALUES (52,27,'2016-10-17',100);
INSERT INTO INSTANCIAEXERCICIO VALUES (53,27,'2016-10-17',100);
INSERT INTO INSTANCIAEXERCICIO VALUES (61,27,'2016-10-17',100);
INSERT INTO INSTANCIAEXERCICIO VALUES (82,27,'2016-10-17',10);
INSERT INTO INSTANCIAEXERCICIO VALUES (90,27,'2016-10-17',20);
INSERT INTO INSTANCIAEXERCICIO VALUES (5,30,'2016-10-17',30);
INSERT INTO INSTANCIAEXERCICIO VALUES (12,30,'2016-10-17',50);
INSERT INTO INSTANCIAEXERCICIO VALUES (70,30,'2016-10-17',70);

CREATE TABLE ListaAtletas (
  Atleta_Usuario_ID_User INTEGER UNSIGNED NOT NULL,
  Clube_Usuario_ID_User INTEGER UNSIGNED NOT NULL,
  Provas_ID_PROVA INTEGER UNSIGNED NOT NULL,
  RESULTADO FLOAT NULL,
  COLOCACAO INTEGER UNSIGNED NULL,
  PONTUACAO INTEGER UNSIGNED NULL,
  INSCRICAO_APROVADA BOOL NULL,
  INDEX ListaAtletas_FKIndex1(Atleta_Usuario_ID_User),
  INDEX ListaAtletas_FKIndex2(Provas_ID_PROVA),
  INDEX ListaAtletas_FKIndex3(Clube_Usuario_ID_User)
);

INSERT INTO LISTAATLETAS VALUES(21, 8, 7, 4.5, 1, 10, 1);
INSERT INTO LISTAATLETAS VALUES(31, 10, 6, 4.5, 2, 8, 1);
INSERT INTO LISTAATLETAS VALUES(40, 10, 5, 4.5, 2, 8, 1);
INSERT INTO LISTAATLETAS VALUES(23, 9, 8, 4.5, 3, 6, 1);
INSERT INTO LISTAATLETAS VALUES(37, 1, 6, 4.5, 4, 4, 1);
INSERT INTO LISTAATLETAS VALUES(30, 6, 8, 4.5, 5, 2, 1);
INSERT INTO LISTAATLETAS VALUES(33, 4, 8, 4.5, 6, 1, 1);
INSERT INTO LISTAATLETAS VALUES(32, 8, 9, 4.5, 1, 10, 1);
INSERT INTO LISTAATLETAS VALUES(32, 4, 9, 4.5, 2, 8, 1);

CREATE TABLE Mensagem (
  ID_MENSAGEM INTEGER UNSIGNED NOT NULL AUTO_INCREMENT,
  ID_CLUBE INTEGER UNSIGNED NULL,
  EMAIL VARCHAR(45) NULL,
  MENSAGEM VARCHAR(255) NULL,
  PRIMARY KEY(ID_MENSAGEM)
);

INSERT INTO MENSAGEM (ID_CLUBE, EMAIL, MENSAGEM) VALUES (5,'pedro.bial@globo.com','Recebi seu e-mail referente à competição do dia 20/11. Infelizmente, não estarei disponível na data. Boa sorte em futuros empreendimentos!');
INSERT INTO MENSAGEM (ID_CLUBE, EMAIL, MENSAGEM) VALUES (7,'andremarquesDJ@gmail.com','Contato para shows, favor ligar para Alexandre Frota: 97845-2043');
INSERT INTO MENSAGEM (ID_CLUBE, EMAIL, MENSAGEM) VALUES (8,'fesantos@gmail.com','Parabéns pelos resultados na última regata! Sucesso pra vocês!!!');
INSERT INTO MENSAGEM (ID_CLUBE, EMAIL, MENSAGEM) VALUES (8,'priscillacosta93@hotmail.com','Preciso quitar minha anuidade. Meu acesso ao clube está bloqueado e gostaria de saber como regularizar minha matrícula');
INSERT INTO MENSAGEM (ID_CLUBE, EMAIL, MENSAGEM) VALUES (10,'luizinho.beterraba@gmail.com','Boa tarde. Gostaria de praticar remo e estou com dificuldades em encontrar um clube. Se houver a possibilidade de treinar com a sua equipe, por favor, entre em contato por e-mail. Agradecido, L. Beterraba');

CREATE TABLE MensalidadeAtletas (
  Atleta_Usuario_ID_User INTEGER UNSIGNED NOT NULL,
  ANO INTEGER UNSIGNED NOT NULL,
  Mes VARCHAR(45) NOT NULL,
  PRIMARY KEY(ANO, Mes, Atleta_Usuario_ID_User),
  INDEX MensalidadeAtletas_FKIndex1(Atleta_Usuario_ID_User)
);

INSERT INTO MENSALIDADEATLETAS VALUES (21,'2016','janeiro');
INSERT INTO MENSALIDADEATLETAS VALUES (22,'2016','janeiro');
INSERT INTO MENSALIDADEATLETAS VALUES (23,'2016','janeiro');
INSERT INTO MENSALIDADEATLETAS VALUES (24,'2016','janeiro');
INSERT INTO MENSALIDADEATLETAS VALUES (25,'2016','janeiro');
INSERT INTO MENSALIDADEATLETAS VALUES (26,'2016','janeiro');
INSERT INTO MENSALIDADEATLETAS VALUES (27,'2016','janeiro');
INSERT INTO MENSALIDADEATLETAS VALUES (28,'2016','janeiro');
INSERT INTO MENSALIDADEATLETAS VALUES (29,'2016','janeiro');
INSERT INTO MENSALIDADEATLETAS VALUES (30,'2016','janeiro');
INSERT INTO MENSALIDADEATLETAS VALUES (31,'2016','janeiro');
INSERT INTO MENSALIDADEATLETAS VALUES (32,'2016','janeiro');
INSERT INTO MENSALIDADEATLETAS VALUES (33,'2016','janeiro');
INSERT INTO MENSALIDADEATLETAS VALUES (34,'2016','janeiro');
INSERT INTO MENSALIDADEATLETAS VALUES (35,'2016','janeiro');
INSERT INTO MENSALIDADEATLETAS VALUES (36,'2016','janeiro');
INSERT INTO MENSALIDADEATLETAS VALUES (37,'2016','janeiro');
INSERT INTO MENSALIDADEATLETAS VALUES (38,'2016','janeiro');
INSERT INTO MENSALIDADEATLETAS VALUES (39,'2016','janeiro');
INSERT INTO MENSALIDADEATLETAS VALUES (40,'2016','janeiro');
INSERT INTO MENSALIDADEATLETAS VALUES (21,'2016','fevereiro');
INSERT INTO MENSALIDADEATLETAS VALUES (22,'2016','fevereiro');
INSERT INTO MENSALIDADEATLETAS VALUES (23,'2016','fevereiro');
INSERT INTO MENSALIDADEATLETAS VALUES (24,'2016','fevereiro');
INSERT INTO MENSALIDADEATLETAS VALUES (25,'2016','fevereiro');
INSERT INTO MENSALIDADEATLETAS VALUES (26,'2016','fevereiro');
INSERT INTO MENSALIDADEATLETAS VALUES (27,'2016','fevereiro');
INSERT INTO MENSALIDADEATLETAS VALUES (28,'2016','fevereiro');
INSERT INTO MENSALIDADEATLETAS VALUES (29,'2016','fevereiro');
INSERT INTO MENSALIDADEATLETAS VALUES (30,'2016','fevereiro');
INSERT INTO MENSALIDADEATLETAS VALUES (31,'2016','fevereiro');
INSERT INTO MENSALIDADEATLETAS VALUES (32,'2016','fevereiro');
INSERT INTO MENSALIDADEATLETAS VALUES (33,'2016','fevereiro');
INSERT INTO MENSALIDADEATLETAS VALUES (34,'2016','fevereiro');
INSERT INTO MENSALIDADEATLETAS VALUES (35,'2016','fevereiro');
INSERT INTO MENSALIDADEATLETAS VALUES (36,'2016','fevereiro');
INSERT INTO MENSALIDADEATLETAS VALUES (37,'2016','fevereiro');
INSERT INTO MENSALIDADEATLETAS VALUES (38,'2016','fevereiro');
INSERT INTO MENSALIDADEATLETAS VALUES (39,'2016','fevereiro');
INSERT INTO MENSALIDADEATLETAS VALUES (40,'2016','fevereiro');
INSERT INTO MENSALIDADEATLETAS VALUES (21,'2016','março');
INSERT INTO MENSALIDADEATLETAS VALUES (22,'2016','março');
INSERT INTO MENSALIDADEATLETAS VALUES (23,'2016','março');
INSERT INTO MENSALIDADEATLETAS VALUES (24,'2016','março');
INSERT INTO MENSALIDADEATLETAS VALUES (25,'2016','março');
INSERT INTO MENSALIDADEATLETAS VALUES (26,'2016','março');
INSERT INTO MENSALIDADEATLETAS VALUES (27,'2016','março');
INSERT INTO MENSALIDADEATLETAS VALUES (28,'2016','março');
INSERT INTO MENSALIDADEATLETAS VALUES (29,'2016','março');
INSERT INTO MENSALIDADEATLETAS VALUES (30,'2016','março');
INSERT INTO MENSALIDADEATLETAS VALUES (31,'2016','março');
INSERT INTO MENSALIDADEATLETAS VALUES (32,'2016','março');
INSERT INTO MENSALIDADEATLETAS VALUES (33,'2016','março');
INSERT INTO MENSALIDADEATLETAS VALUES (34,'2016','março');
INSERT INTO MENSALIDADEATLETAS VALUES (35,'2016','março');
INSERT INTO MENSALIDADEATLETAS VALUES (36,'2016','março');
INSERT INTO MENSALIDADEATLETAS VALUES (37,'2016','março');
INSERT INTO MENSALIDADEATLETAS VALUES (38,'2016','março');
INSERT INTO MENSALIDADEATLETAS VALUES (39,'2016','março');
INSERT INTO MENSALIDADEATLETAS VALUES (40,'2016','março');
INSERT INTO MENSALIDADEATLETAS VALUES (21,'2016','abril');
INSERT INTO MENSALIDADEATLETAS VALUES (22,'2016','abril');
INSERT INTO MENSALIDADEATLETAS VALUES (23,'2016','abril');
INSERT INTO MENSALIDADEATLETAS VALUES (24,'2016','abril');
INSERT INTO MENSALIDADEATLETAS VALUES (25,'2016','abril');
INSERT INTO MENSALIDADEATLETAS VALUES (26,'2016','abril');
INSERT INTO MENSALIDADEATLETAS VALUES (27,'2016','abril');
INSERT INTO MENSALIDADEATLETAS VALUES (28,'2016','abril');
INSERT INTO MENSALIDADEATLETAS VALUES (29,'2016','abril');
INSERT INTO MENSALIDADEATLETAS VALUES (30,'2016','abril');
INSERT INTO MENSALIDADEATLETAS VALUES (31,'2016','abril');
INSERT INTO MENSALIDADEATLETAS VALUES (32,'2016','abril');
INSERT INTO MENSALIDADEATLETAS VALUES (33,'2016','abril');
INSERT INTO MENSALIDADEATLETAS VALUES (34,'2016','abril');

CREATE TABLE MensalidadeClubes (
  Clube_Usuario_ID_User INTEGER UNSIGNED NOT NULL,
  ANO INTEGER UNSIGNED NOT NULL,
  Mes VARCHAR(45) NOT NULL,
  PRIMARY KEY(ANO, Mes, Clube_Usuario_ID_User),
  INDEX MensalidadeClubes_FKIndex1(Clube_Usuario_ID_User)
);

INSERT INTO MENSALIDADECLUBES VALUES (5,'2016','janeiro');
INSERT INTO MENSALIDADECLUBES VALUES (6,'2016','janeiro');
INSERT INTO MENSALIDADECLUBES VALUES (7,'2016','janeiro');
INSERT INTO MENSALIDADECLUBES VALUES (8,'2016','janeiro');
INSERT INTO MENSALIDADECLUBES VALUES (9,'2016','janeiro');
INSERT INTO MENSALIDADECLUBES VALUES (10,'2016','janeiro');
INSERT INTO MENSALIDADECLUBES VALUES (5,'2015','janeiro');
INSERT INTO MENSALIDADECLUBES VALUES (6,'2015','janeiro');
INSERT INTO MENSALIDADECLUBES VALUES (7,'2015','janeiro');
INSERT INTO MENSALIDADECLUBES VALUES (8,'2015','janeiro');
INSERT INTO MENSALIDADECLUBES VALUES (9,'2015','janeiro');
INSERT INTO MENSALIDADECLUBES VALUES (10,'2015','janeiro');
INSERT INTO MENSALIDADECLUBES VALUES (5,'2014','janeiro');
INSERT INTO MENSALIDADECLUBES VALUES (6,'2014','janeiro');
INSERT INTO MENSALIDADECLUBES VALUES (7,'2014','janeiro');
INSERT INTO MENSALIDADECLUBES VALUES (8,'2014','janeiro');

CREATE TABLE Newsletter (
  EMAIL_VISITANTE VARCHAR(45) NULL
);

INSERT INTO NEWSLETTER VALUES('yuriberezinalves@hotmail.com');
INSERT INTO NEWSLETTER VALUES('falso@fake.usp.br');
INSERT INTO NEWSLETTER VALUES('ze.ninguem@narnia.uk');


CREATE TABLE Provas (
  ID_PROVA INTEGER UNSIGNED NOT NULL AUTO_INCREMENT,
  Evento_ID_EVENTO INTEGER UNSIGNED NOT NULL,
  ID_TIPOPROVA INTEGER UNSIGNED NOT NULL,
  PRIMARY KEY(ID_PROVA),
  INDEX Provas_FKIndex1(ID_TIPOPROVA),
  INDEX Provas_FKIndex2(Evento_ID_EVENTO)
);

INSERT INTO PROVAS (Evento_ID_EVENTO, ID_TIPOPROVA) VALUES (1,1);
INSERT INTO PROVAS (Evento_ID_EVENTO, ID_TIPOPROVA) VALUES (1,2);
INSERT INTO PROVAS (Evento_ID_EVENTO, ID_TIPOPROVA) VALUES (1,3);
INSERT INTO PROVAS (Evento_ID_EVENTO, ID_TIPOPROVA) VALUES (1,4);
INSERT INTO PROVAS (Evento_ID_EVENTO, ID_TIPOPROVA) VALUES (2,5);
INSERT INTO PROVAS (Evento_ID_EVENTO, ID_TIPOPROVA) VALUES (2,6);
INSERT INTO PROVAS (Evento_ID_EVENTO, ID_TIPOPROVA) VALUES (2,7);
INSERT INTO PROVAS (Evento_ID_EVENTO, ID_TIPOPROVA) VALUES (2,8);
INSERT INTO PROVAS (Evento_ID_EVENTO, ID_TIPOPROVA) VALUES (3,9);
INSERT INTO PROVAS (Evento_ID_EVENTO, ID_TIPOPROVA) VALUES (3,10);
INSERT INTO PROVAS (Evento_ID_EVENTO, ID_TIPOPROVA) VALUES (3,11);
INSERT INTO PROVAS (Evento_ID_EVENTO, ID_TIPOPROVA) VALUES (3,1);
INSERT INTO PROVAS (Evento_ID_EVENTO, ID_TIPOPROVA) VALUES (4,2);
INSERT INTO PROVAS (Evento_ID_EVENTO, ID_TIPOPROVA) VALUES (4,3);
INSERT INTO PROVAS (Evento_ID_EVENTO, ID_TIPOPROVA) VALUES (4,4);
INSERT INTO PROVAS (Evento_ID_EVENTO, ID_TIPOPROVA) VALUES (4,5);
INSERT INTO PROVAS (Evento_ID_EVENTO, ID_TIPOPROVA) VALUES (5,6);
INSERT INTO PROVAS (Evento_ID_EVENTO, ID_TIPOPROVA) VALUES (5,7);
INSERT INTO PROVAS (Evento_ID_EVENTO, ID_TIPOPROVA) VALUES (5,8);
INSERT INTO PROVAS (Evento_ID_EVENTO, ID_TIPOPROVA) VALUES (5,9);
INSERT INTO PROVAS (Evento_ID_EVENTO, ID_TIPOPROVA) VALUES (6,10);
INSERT INTO PROVAS (Evento_ID_EVENTO, ID_TIPOPROVA) VALUES (6,11);
INSERT INTO PROVAS (Evento_ID_EVENTO, ID_TIPOPROVA) VALUES (6,1);
INSERT INTO PROVAS (Evento_ID_EVENTO, ID_TIPOPROVA) VALUES (6,2);
INSERT INTO PROVAS (Evento_ID_EVENTO, ID_TIPOPROVA) VALUES (6,3);

CREATE TABLE Tecnico (
  Usuario_ID_User INTEGER UNSIGNED NOT NULL,
  ID_CLUBE INTEGER UNSIGNED NULL,
  NOME_TECNICO VARCHAR(45) NULL,
  SOBRENOME_TECNICO VARCHAR(45) NULL,
  RG_TECNICO VARCHAR(45) NULL,
  CPF_TECNICO varchar(45) NULL,
  DATA_NASCIMENTO_TECNICO DATE NULL,
  PRIMARY KEY(Usuario_ID_User),
  INDEX Tecnico_FKIndex1(Usuario_ID_User)
);

INSERT INTO TECNICO VALUES (11,7,'Guilherme','Monteiro','290960757','79126907860','1983-03-15');
INSERT INTO TECNICO VALUES (12,8,'Vitor','Farias','166910211','36389079885','1983-03-15');
INSERT INTO TECNICO VALUES (13,6,'Rodrigo','Rios','451576226','29491529889','1983-03-15');
INSERT INTO TECNICO VALUES (14,5,'Gustavo','Gabas','110880468','9471001803','1983-03-15');
INSERT INTO TECNICO VALUES (15,7,'Paula','Ghannam','270497353','46181521844','1983-03-15');
INSERT INTO TECNICO VALUES (16,9,'Fabrizio','Wilkens','180970732','72826737805','1983-03-15');
INSERT INTO TECNICO VALUES (17,10,'Jair','Teotônio','465651665','47920258855','1983-03-15');
INSERT INTO TECNICO VALUES (18,8,'Rodrigo','Weber','310903658','15476453857','1983-03-15');
INSERT INTO TECNICO VALUES (19,6,'Mônica','Ferreira','458484568','34853597859','1983-03-15');
INSERT INTO TECNICO VALUES (20,5,'Jânio','Miagi','414606899','23572777852','1983-03-15');


CREATE TABLE TipoEvento (
  ID_TIPO_EVENTO INTEGER UNSIGNED NOT NULL AUTO_INCREMENT,
  TIPO_DO_EVENTO VARCHAR(45) NULL,
  PRIMARY KEY(ID_TIPO_EVENTO)
);

INSERT INTO TIPOEVENTO (TIPO_DO_EVENTO) VALUES ('Campeonato Paulista');
INSERT INTO TIPOEVENTO (TIPO_DO_EVENTO) VALUES ('Taça São Paulo');
INSERT INTO TIPOEVENTO (TIPO_DO_EVENTO) VALUES ('Troféu Bandeirante');
INSERT INTO TIPOEVENTO (TIPO_DO_EVENTO) VALUES ('Taça Arlindo Donato');

CREATE TABLE TipoExercicio (
  ID_TIPO_EXERCICIO INTEGER UNSIGNED NOT NULL AUTO_INCREMENT,
  NOME_EXERCICIO VARCHAR(45) NULL,
  PRIMARY KEY(ID_TIPO_EXERCICIO)
);

INSERT INTO TIPOEXERCICIO (NOME_EXERCICIO) VALUES ('Supino Reto');
INSERT INTO TIPOEXERCICIO (NOME_EXERCICIO) VALUES ('Supino Inclinado');
INSERT INTO TIPOEXERCICIO (NOME_EXERCICIO) VALUES ('Flexao de braco');
INSERT INTO TIPOEXERCICIO (NOME_EXERCICIO) VALUES ('Rosca simultanea halter');
INSERT INTO TIPOEXERCICIO (NOME_EXERCICIO) VALUES ('Remada barra');
INSERT INTO TIPOEXERCICIO (NOME_EXERCICIO) VALUES ('Tiro');
INSERT INTO TIPOEXERCICIO (NOME_EXERCICIO) VALUES ('Desenvolvimento');
INSERT INTO TIPOEXERCICIO (NOME_EXERCICIO) VALUES ('Corrida');
INSERT INTO TIPOEXERCICIO (NOME_EXERCICIO) VALUES ('Abdominais retos');
INSERT INTO TIPOEXERCICIO (NOME_EXERCICIO) VALUES ('Polichinelo');
INSERT INTO TIPOEXERCICIO (NOME_EXERCICIO) VALUES ('Corda');
INSERT INTO TIPOEXERCICIO (NOME_EXERCICIO) VALUES ('Barra pegada aberta');
INSERT INTO TIPOEXERCICIO (NOME_EXERCICIO) VALUES ('Crucifixo');
INSERT INTO TIPOEXERCICIO (NOME_EXERCICIO) VALUES ('Stiff');
INSERT INTO TIPOEXERCICIO (NOME_EXERCICIO) VALUES ('Terra');
INSERT INTO TIPOEXERCICIO (NOME_EXERCICIO) VALUES ('Agachamento completo');
INSERT INTO TIPOEXERCICIO (NOME_EXERCICIO) VALUES ('Agachamento unilateral');
INSERT INTO TIPOEXERCICIO (NOME_EXERCICIO) VALUES ('Extensao de perna');
INSERT INTO TIPOEXERCICIO (NOME_EXERCICIO) VALUES ('Prancha');
INSERT INTO TIPOEXERCICIO (NOME_EXERCICIO) VALUES ('Maquina de remo');
INSERT INTO TIPOEXERCICIO (NOME_EXERCICIO) VALUES ('Rosca martelo');
INSERT INTO TIPOEXERCICIO (NOME_EXERCICIO) VALUES ('Canoinha');
INSERT INTO TIPOEXERCICIO (NOME_EXERCICIO) VALUES ('Dorsal');
INSERT INTO TIPOEXERCICIO (NOME_EXERCICIO) VALUES ('Elevacao de perna');
INSERT INTO TIPOEXERCICIO (NOME_EXERCICIO) VALUES ('Alongamentos');



CREATE TABLE TipoProva (
  ID_TIPOPROVA INTEGER UNSIGNED NOT NULL AUTO_INCREMENT,
  NOME_DA_PROVA VARCHAR(255) NULL,
  DISTANCIA INTEGER UNSIGNED NULL,
  CATEGORIA VARCHAR(45) NULL,
  CATEGORIA2 VARCHAR(45) NULL,
  QUANTIDADE_DE_PARTICIPANTES INTEGER UNSIGNED NULL,
  PRIMARY KEY(ID_TIPOPROVA)
);

INSERT INTO TIPOPROVA (NOME_DA_PROVA, DISTANCIA, CATEGORIA, CATEGORIA2, QUANTIDADE_DE_PARTICIPANTES) VALUES('Canoe Masculino 500m', 500, 'masc', 'senior', 1);
INSERT INTO TIPOPROVA (NOME_DA_PROVA, DISTANCIA, CATEGORIA, CATEGORIA2, QUANTIDADE_DE_PARTICIPANTES) VALUES('Canoe Masculino 1000m', 1000, 'masc', 'junior', 1);
INSERT INTO TIPOPROVA (NOME_DA_PROVA, DISTANCIA, CATEGORIA, CATEGORIA2, QUANTIDADE_DE_PARTICIPANTES) VALUES('Canoe Feminino 500m', 500, 'fem', 'senior', 1);
INSERT INTO TIPOPROVA (NOME_DA_PROVA, DISTANCIA, CATEGORIA, CATEGORIA2, QUANTIDADE_DE_PARTICIPANTES) VALUES('Single Skiff Feminino 500m', 500, 'fem', 'junior', 1);
INSERT INTO TIPOPROVA (NOME_DA_PROVA, DISTANCIA, CATEGORIA, CATEGORIA2, QUANTIDADE_DE_PARTICIPANTES) VALUES('Single Skiff Masculino 500m', 500, 'masc', 'senior', 1);
INSERT INTO TIPOPROVA (NOME_DA_PROVA, DISTANCIA, CATEGORIA, CATEGORIA2, QUANTIDADE_DE_PARTICIPANTES) VALUES('Double Skiff Feminino 500m', 500, 'fem', 'junior', 2);
INSERT INTO TIPOPROVA (NOME_DA_PROVA, DISTANCIA, CATEGORIA, CATEGORIA2, QUANTIDADE_DE_PARTICIPANTES) VALUES('Double Skiff Masculino 500m', 500, 'masc', 'senior', 2);
INSERT INTO TIPOPROVA (NOME_DA_PROVA, DISTANCIA, CATEGORIA, CATEGORIA2, QUANTIDADE_DE_PARTICIPANTES) VALUES('4- Feminino 500m', 500, 'fem', 'junior', 4);
INSERT INTO TIPOPROVA (NOME_DA_PROVA, DISTANCIA, CATEGORIA, CATEGORIA2, QUANTIDADE_DE_PARTICIPANTES) VALUES('4+ Masculino 500m', 500, 'masc', 'senior', 5);
INSERT INTO TIPOPROVA (NOME_DA_PROVA, DISTANCIA, CATEGORIA, CATEGORIA2, QUANTIDADE_DE_PARTICIPANTES) VALUES('8+ Feminino 500m', 500, 'fem', 'junior', 9);
INSERT INTO TIPOPROVA (NOME_DA_PROVA, DISTANCIA, CATEGORIA, CATEGORIA2, QUANTIDADE_DE_PARTICIPANTES) VALUES( '8+ Masculino 500m', 500, 'masc', 'senior', 9);

CREATE TABLE Treino (
  ID_TREINO INTEGER UNSIGNED NOT NULL AUTO_INCREMENT,
  Tecnico_Usuario_ID_User INTEGER UNSIGNED NOT NULL,
  PRIMARY KEY(ID_TREINO),
  INDEX Treino_FKIndex1(Tecnico_Usuario_ID_User)
);

INSERT INTO TREINO (Tecnico_Usuario_ID_User) VALUES (16);
INSERT INTO TREINO (Tecnico_Usuario_ID_User) VALUES (17);
INSERT INTO TREINO (Tecnico_Usuario_ID_User) VALUES (16);
INSERT INTO TREINO (Tecnico_Usuario_ID_User) VALUES (12);
INSERT INTO TREINO (Tecnico_Usuario_ID_User) VALUES (15);
INSERT INTO TREINO (Tecnico_Usuario_ID_User) VALUES (19);
INSERT INTO TREINO (Tecnico_Usuario_ID_User) VALUES (17);
INSERT INTO TREINO (Tecnico_Usuario_ID_User) VALUES (19);
INSERT INTO TREINO (Tecnico_Usuario_ID_User) VALUES (15);
INSERT INTO TREINO (Tecnico_Usuario_ID_User) VALUES (15);
INSERT INTO TREINO (Tecnico_Usuario_ID_User) VALUES (17);
INSERT INTO TREINO (Tecnico_Usuario_ID_User) VALUES (16);
INSERT INTO TREINO (Tecnico_Usuario_ID_User) VALUES (14);
INSERT INTO TREINO (Tecnico_Usuario_ID_User) VALUES (17);
INSERT INTO TREINO (Tecnico_Usuario_ID_User) VALUES (13);
INSERT INTO TREINO (Tecnico_Usuario_ID_User) VALUES (11);
INSERT INTO TREINO (Tecnico_Usuario_ID_User) VALUES (15);
INSERT INTO TREINO (Tecnico_Usuario_ID_User) VALUES (18);
INSERT INTO TREINO (Tecnico_Usuario_ID_User) VALUES (20);
INSERT INTO TREINO (Tecnico_Usuario_ID_User) VALUES (12);

CREATE TABLE TrocaAtleta (
  Atleta_Usuario_ID_User INTEGER UNSIGNED NOT NULL,
  Clube_Usuario_ID_User_1 INTEGER UNSIGNED NOT NULL,
  Clube_Usuario_ID_User_2 INTEGER UNSIGNED NOT NULL,
  APROVADO_CLUBE_ANTIGO BOOL NULL,
  PRIMARY KEY(Atleta_Usuario_ID_User),
  INDEX TrocaAtleta_FKIndex1(Atleta_Usuario_ID_User),
  INDEX TrocaAtleta_FKIndex2(Clube_Usuario_ID_User_1),
  INDEX TrocaAtleta_FKIndex3(Clube_Usuario_ID_User_2)
);

INSERT INTO TROCAATLETA VALUES(22, 5, 6, 1);
INSERT INTO TROCAATLETA VALUES(23, 6, 7, 0);
INSERT INTO TROCAATLETA VALUES(24, 8, 5, 0);

CREATE TABLE Usuario (
  ID_User INTEGER UNSIGNED NOT NULL AUTO_INCREMENT,
  EMAIL_USER VARCHAR(45) NULL,
  SENHA VARCHAR(45) NULL,
  HABILITADO_ADMIN BOOL NULL,
  HABILITADO_FEDERACAO BOOL NULL,
  HABILITADO_CLUBE BOOL NULL,
  HABILITADO_TECNICO BOOL NULL,
  HABILITADO_ATLETA BOOL NULL,
  PRIMARY KEY(ID_User)
);
INSERT INTO USUARIO(EMAIL_USER,SENHA,HABILITADO_ADMIN,HABILITADO_FEDERACAO,HABILITADO_CLUBE,HABILITADO_TECNICO,HABILITADO_ATLETA) VALUES('admin_pmr2490@gmail.com','12345678',1,1,1,1,1);
INSERT INTO USUARIO(EMAIL_USER,SENHA,HABILITADO_ADMIN,HABILITADO_FEDERACAO,HABILITADO_CLUBE,HABILITADO_TECNICO,HABILITADO_ATLETA) VALUES('cbremo@gmail.com','12345678',0,1,0,0,0);
INSERT INTO USUARIO(EMAIL_USER,SENHA,HABILITADO_ADMIN,HABILITADO_FEDERACAO,HABILITADO_CLUBE,HABILITADO_TECNICO,HABILITADO_ATLETA) VALUES('remorio@frerj.com.br','12345678',0,1,0,0,0);
INSERT INTO USUARIO(EMAIL_USER,SENHA,HABILITADO_ADMIN,HABILITADO_FEDERACAO,HABILITADO_CLUBE,HABILITADO_TECNICO,HABILITADO_ATLETA) VALUES('rorojas@osite.com.br','12345678',0,1,0,0,0);
INSERT INTO USUARIO(EMAIL_USER,SENHA,HABILITADO_ADMIN,HABILITADO_FEDERACAO,HABILITADO_CLUBE,HABILITADO_TECNICO,HABILITADO_ATLETA) VALUES('gremionauticouniao@gmail.com','12345678',0,0,1,0,0);
INSERT INTO USUARIO(EMAIL_USER,SENHA,HABILITADO_ADMIN,HABILITADO_FEDERACAO,HABILITADO_CLUBE,HABILITADO_TECNICO,HABILITADO_ATLETA) VALUES('cnfmartinelli@gmail.com','12345678',0,0,1,0,0);
INSERT INTO USUARIO(EMAIL_USER,SENHA,HABILITADO_ADMIN,HABILITADO_FEDERACAO,HABILITADO_CLUBE,HABILITADO_TECNICO,HABILITADO_ATLETA) VALUES('craldoluz@gmail.com','12345678',0,0,1,0,0);
INSERT INTO USUARIO(EMAIL_USER,SENHA,HABILITADO_ADMIN,HABILITADO_FEDERACAO,HABILITADO_CLUBE,HABILITADO_TECNICO,HABILITADO_ATLETA) VALUES('ecpinheiros@gmail.com','12345678',0,0,1,0,0);
INSERT INTO USUARIO(EMAIL_USER,SENHA,HABILITADO_ADMIN,HABILITADO_FEDERACAO,HABILITADO_CLUBE,HABILITADO_TECNICO,HABILITADO_ATLETA) VALUES('atleticapoliusp@gmail.com','12345678',0,0,1,0,0);
INSERT INTO USUARIO(EMAIL_USER,SENHA,HABILITADO_ADMIN,HABILITADO_FEDERACAO,HABILITADO_CLUBE,HABILITADO_TECNICO,HABILITADO_ATLETA) VALUES('crflamengo@gmail.com','12345678',0,0,1,0,0);
INSERT INTO USUARIO(EMAIL_USER,SENHA,HABILITADO_ADMIN,HABILITADO_FEDERACAO,HABILITADO_CLUBE,HABILITADO_TECNICO,HABILITADO_ATLETA) VALUES('guimonteiro@gmail.com','12345678',0,0,0,1,0);
INSERT INTO USUARIO(EMAIL_USER,SENHA,HABILITADO_ADMIN,HABILITADO_FEDERACAO,HABILITADO_CLUBE,HABILITADO_TECNICO,HABILITADO_ATLETA) VALUES('vitaolaausp@gmail.com','12345678',0,0,0,1,0);
INSERT INTO USUARIO(EMAIL_USER,SENHA,HABILITADO_ADMIN,HABILITADO_FEDERACAO,HABILITADO_CLUBE,HABILITADO_TECNICO,HABILITADO_ATLETA) VALUES('roru@gmail.com','12345678',0,0,0,1,0);
INSERT INTO USUARIO(EMAIL_USER,SENHA,HABILITADO_ADMIN,HABILITADO_FEDERACAO,HABILITADO_CLUBE,HABILITADO_TECNICO,HABILITADO_ATLETA) VALUES('ggwally@gmail.com','12345678',0,0,0,1,0);
INSERT INTO USUARIO(EMAIL_USER,SENHA,HABILITADO_ADMIN,HABILITADO_FEDERACAO,HABILITADO_CLUBE,HABILITADO_TECNICO,HABILITADO_ATLETA) VALUES('paulaeefe@gmail.com','12345678',0,0,0,1,0);
INSERT INTO USUARIO(EMAIL_USER,SENHA,HABILITADO_ADMIN,HABILITADO_FEDERACAO,HABILITADO_CLUBE,HABILITADO_TECNICO,HABILITADO_ATLETA) VALUES('fabrizioxuxa@gmail.com','12345678',0,0,0,1,0);
INSERT INTO USUARIO(EMAIL_USER,SENHA,HABILITADO_ADMIN,HABILITADO_FEDERACAO,HABILITADO_CLUBE,HABILITADO_TECNICO,HABILITADO_ATLETA) VALUES('jrcteotonio@gmail.com','12345678',0,0,0,1,0);
INSERT INTO USUARIO(EMAIL_USER,SENHA,HABILITADO_ADMIN,HABILITADO_FEDERACAO,HABILITADO_CLUBE,HABILITADO_TECNICO,HABILITADO_ATLETA) VALUES('rodrigozoio@gmail.com','12345678',0,0,0,1,0);
INSERT INTO USUARIO(EMAIL_USER,SENHA,HABILITADO_ADMIN,HABILITADO_FEDERACAO,HABILITADO_CLUBE,HABILITADO_TECNICO,HABILITADO_ATLETA) VALUES('monicabmf@gmail.com','12345678',0,0,0,1,0);
INSERT INTO USUARIO(EMAIL_USER,SENHA,HABILITADO_ADMIN,HABILITADO_FEDERACAO,HABILITADO_CLUBE,HABILITADO_TECNICO,HABILITADO_ATLETA) VALUES('jmatuura@gmail.com','12345678',0,0,0,1,0);
INSERT INTO USUARIO(EMAIL_USER,SENHA,HABILITADO_ADMIN,HABILITADO_FEDERACAO,HABILITADO_CLUBE,HABILITADO_TECNICO,HABILITADO_ATLETA) VALUES('fduartesalhani@gmail.com','12345678',0,0,0,0,1);
INSERT INTO USUARIO(EMAIL_USER,SENHA,HABILITADO_ADMIN,HABILITADO_FEDERACAO,HABILITADO_CLUBE,HABILITADO_TECNICO,HABILITADO_ATLETA) VALUES('giovanni.schimidt@gmail.com','12345678',0,0,0,0,1);
INSERT INTO USUARIO(EMAIL_USER,SENHA,HABILITADO_ADMIN,HABILITADO_FEDERACAO,HABILITADO_CLUBE,HABILITADO_TECNICO,HABILITADO_ATLETA) VALUES('yuriberezinalves@gmail.com','12345678',0,0,0,0,1);
INSERT INTO USUARIO(EMAIL_USER,SENHA,HABILITADO_ADMIN,HABILITADO_FEDERACAO,HABILITADO_CLUBE,HABILITADO_TECNICO,HABILITADO_ATLETA) VALUES('karinaberenice@gmail.com','12345678',0,0,0,0,1);
INSERT INTO USUARIO(EMAIL_USER,SENHA,HABILITADO_ADMIN,HABILITADO_FEDERACAO,HABILITADO_CLUBE,HABILITADO_TECNICO,HABILITADO_ATLETA) VALUES('henrique.uehara@gmail.com','12345678',0,0,0,0,1);
INSERT INTO USUARIO(EMAIL_USER,SENHA,HABILITADO_ADMIN,HABILITADO_FEDERACAO,HABILITADO_CLUBE,HABILITADO_TECNICO,HABILITADO_ATLETA) VALUES('lucas.k.kawamura@gmail.com','12345678',0,0,0,0,1);
INSERT INTO USUARIO(EMAIL_USER,SENHA,HABILITADO_ADMIN,HABILITADO_FEDERACAO,HABILITADO_CLUBE,HABILITADO_TECNICO,HABILITADO_ATLETA) VALUES('erichnatsuborisato@gmail.com','12345678',0,0,0,0,1);
INSERT INTO USUARIO(EMAIL_USER,SENHA,HABILITADO_ADMIN,HABILITADO_FEDERACAO,HABILITADO_CLUBE,HABILITADO_TECNICO,HABILITADO_ATLETA) VALUES('christopher.costa@gmail.com','12345678',0,0,0,0,1);
INSERT INTO USUARIO(EMAIL_USER,SENHA,HABILITADO_ADMIN,HABILITADO_FEDERACAO,HABILITADO_CLUBE,HABILITADO_TECNICO,HABILITADO_ATLETA) VALUES('danieelvaz@gmail.com','12345678',0,0,0,0,1);
INSERT INTO USUARIO(EMAIL_USER,SENHA,HABILITADO_ADMIN,HABILITADO_FEDERACAO,HABILITADO_CLUBE,HABILITADO_TECNICO,HABILITADO_ATLETA) VALUES('andremcamoes@gmail.com','12345678',0,0,0,0,1);
INSERT INTO USUARIO(EMAIL_USER,SENHA,HABILITADO_ADMIN,HABILITADO_FEDERACAO,HABILITADO_CLUBE,HABILITADO_TECNICO,HABILITADO_ATLETA) VALUES('luizhenrique.picolli@gmail.com','12345678',0,0,0,0,1);
INSERT INTO USUARIO(EMAIL_USER,SENHA,HABILITADO_ADMIN,HABILITADO_FEDERACAO,HABILITADO_CLUBE,HABILITADO_TECNICO,HABILITADO_ATLETA) VALUES('rafaelpalmerio@gmail.com','12345678',0,0,0,0,1);
INSERT INTO USUARIO(EMAIL_USER,SENHA,HABILITADO_ADMIN,HABILITADO_FEDERACAO,HABILITADO_CLUBE,HABILITADO_TECNICO,HABILITADO_ATLETA) VALUES('roor.narita@gmail.com','12345678',0,0,0,0,1);
INSERT INTO USUARIO(EMAIL_USER,SENHA,HABILITADO_ADMIN,HABILITADO_FEDERACAO,HABILITADO_CLUBE,HABILITADO_TECNICO,HABILITADO_ATLETA) VALUES('cabiricha@gmail.com','12345678',0,0,0,0,1);
INSERT INTO USUARIO(EMAIL_USER,SENHA,HABILITADO_ADMIN,HABILITADO_FEDERACAO,HABILITADO_CLUBE,HABILITADO_TECNICO,HABILITADO_ATLETA) VALUES('edkavai@gmail.com','12345678',0,0,0,0,1);
INSERT INTO USUARIO(EMAIL_USER,SENHA,HABILITADO_ADMIN,HABILITADO_FEDERACAO,HABILITADO_CLUBE,HABILITADO_TECNICO,HABILITADO_ATLETA) VALUES('ricardo.prezotto@gmail.com','12345678',0,0,0,0,1);
INSERT INTO USUARIO(EMAIL_USER,SENHA,HABILITADO_ADMIN,HABILITADO_FEDERACAO,HABILITADO_CLUBE,HABILITADO_TECNICO,HABILITADO_ATLETA) VALUES('karina.w.kiba@gmail.com','12345678',0,0,0,0,1);
INSERT INTO USUARIO(EMAIL_USER,SENHA,HABILITADO_ADMIN,HABILITADO_FEDERACAO,HABILITADO_CLUBE,HABILITADO_TECNICO,HABILITADO_ATLETA) VALUES('luizpicolli@gmail.com','12345678',0,0,0,0,1);
INSERT INTO USUARIO(EMAIL_USER,SENHA,HABILITADO_ADMIN,HABILITADO_FEDERACAO,HABILITADO_CLUBE,HABILITADO_TECNICO,HABILITADO_ATLETA) VALUES('matheus.berloffa@gmail.com','12345678',0,0,0,0,1);
INSERT INTO USUARIO(EMAIL_USER,SENHA,HABILITADO_ADMIN,HABILITADO_FEDERACAO,HABILITADO_CLUBE,HABILITADO_TECNICO,HABILITADO_ATLETA) VALUES('danielmsverde@gmail.com','12345678',0,0,0,0,1);


